Workbook
Name Slicer_overall: #N/A
Name Slicer_role: #N/A

Sheet players 
A1: players
A3: player_id | B3: player_name | C3: role | D3: auction_price | E3: Batting avg | F3: Economy | G3: Avg Wicket/match | H3: Rating | I3: overall | J3: nationality
A4: P001 | B4: Rohit Sharma | C4: Batsman | D4: =VLOOKUP(players[[#This Row],[player_name]],auction_data[],3,0) -> 2000000 | E4: =_xlfn.IFNA(VLOOKUP(players[[#This Row],[player_name]],batting_stats[[player_name]:[sixes]],7,0),0) -> 82.811321 | F4: =_xlfn.IFNA(VLOOKUP(players[[#This Row],[player_name]],bowling_stats[[player_name]:[runs_conceded]],4,0),0) -> 0 | G4: =_xlfn.IFNA(VLOOKUP(players[[#This Row],[player_name]],bowling_stats[[player_name]:[runs_conceded]],6,0),0) -> 0 | H4: =IF(players[[#This Row],[role]]="Batsman",(players[[#This Row],[Batting avg]]/10),IF(players[[#This Row],[role]]="Bowler",(-players[[#This Row],[Economy]]+14+players[[#This Row],[Avg Wicket/match]]),IF(players[[#This Row],[role]]="Wicketkeeper",(players[[#This Row],[Batting avg]]/10),((players[[#This Row],[Batting avg]]/10)+(-players[[#This Row],[Economy]]+14+players[[#This Row],[Avg Wicket/match]]))))) -> 8.2811321 | I4: =IF(AND(players[[#This Row],[Rating]]>7,players[[#This Row],[auction_price]]<40000000),"Underatted",IF(AND(players[[#This Row],[Rating]]<5,players[[#This Row],[auction_price]]>40000000),"Overrated","Perfectly rated")) -> Underatted | J4: Indian
A5: P002 | B5: Suryakumar Yadav | C5: Batsman | D5: =VLOOKUP(players[[#This Row],[player_name]],auction_data[],3,0) -> 160000000 | E5: =_xlfn.IFNA(VLOOKUP(players[[#This Row],[player_name]],batting_stats[[player_name]:[sixes]],7,0),0) -> 112.4717 | F5: =_xlfn.IFNA(VLOOKUP(players[[#This Row],[player_name]],bowling_stats[[player_name]:[runs_conceded]],4,0),0) -> 0 | G5: =_xlfn.IFNA(VLOOKUP(players[[#This Row],[player_name]],bowling_stats[[player_name]:[runs_conceded]],6,0),0) -> 0 | H5: =IF(players[[#This Row],[role]]="Batsman",(players[[#This Row],[Batting avg]]/10),IF(players[[#This Row],[role]]="Bowler",(-players[[#This Row],[Economy]]+14+players[[#This Row],[Avg Wicket/match]]),IF(players[[#This Row],[role]]="Wicketkeeper",(players[[#This Row],[Batting avg]]/10),((players[[#This Row],[Batting avg]]/10)+(-players[[#This Row],[Economy]]+14+players[[#This Row],[Avg Wicket/match]]))))) -> 11.24717 | I5: =IF(AND(players[[#This Row],[Rating]]>7,players[[#This Row],[auction_price]]<40000000),"Underatted",IF(AND(players[[#This Row],[Rating]]<5,players[[#This Row],[auction_price]]>40000000),"Overrated","Perfectly rated")) -> Perfectly rated | J5: Indian
A6: P003 | B6: Jasprit Bumrah | C6: Bowler | D6: =VLOOKUP(players[[#This Row],[player_name]],auction_data[],3,0) -> 170000000 | E6: =_xlfn.IFNA(VLOOKUP(players[[#This Row],[player_name]],batting_stats[[player_name]:[sixes]],7,0),0) -> 6.2641509 | F6: =_xlfn.IFNA(VLOOKUP(players[[#This Row],[player_name]],bowling_stats[[player_name]:[runs_conceded]],4,0),0) -> 8.6597938 | G6: =_xlfn.IFNA(VLOOKUP(players[[#This Row],[player_name]],bowling_stats[[player_name]:[runs_conceded]],6,0),0) -> 1.3584906 | H6: =IF(players[[#This Row],[role]]="Batsman",(players[[#This Row],[Batting avg]]/10),IF(players[[#This Row],[role]]="Bowler",(-players[[#This Row],[Economy]]+14+players[[#This Row],[Avg Wicket/match]]),IF(players[[#This Row],[role]]="Wicketkeeper",(players[[#This Row],[Batting avg]]/10),((players[[#This Row],[Batting avg]]/10)+(-players[[#This Row],[Economy]]+14+players[[#This Row],[Avg Wicket/match]]))))) -> 6.6986968 | I6: =IF(AND(players[[#This Row],[Rating]]>7,players[[#This Row],[auction_price]]<40000000),"Underatted",IF(AND(players[[#This Row],[Rating]]<5,players[[#This Row],[auction_price]]>40000000),"Overrated","Perfectly rated")) -> Perfectly rated | J6: Indian
A7: P004 | B7: Hardik Pandya | C7: All-rounder | D7: =VLOOKUP(players[[#This Row],[player_name]],auction_data[],3,0) -> 80000000 | E7: =_xlfn.IFNA(VLOOKUP(players[[#This Row],[player_name]],batting_stats[[player_name]:[sixes]],7,0),0) -> 86.415094 | F7: =_xlfn.IFNA(VLOOKUP(players[[#This Row],[player_name]],bowling_stats[[player_name]:[runs_conceded]],4,0),0) -> 7.6370246 | G7: =_xlfn.IFNA(VLOOKUP(players[[#This Row],[player_name]],bowling_stats[[player_name]:[runs_conceded]],6,0),0) -> 1.6792453 | H7: =IF(players[[#This Row],[role]]="Batsman",(players[[#This Row],[Batting avg]]/10),IF(players[[#This Row],[role]]="Bowler",(-players[[#This Row],[Economy]]+14+players[[#This Row],[Avg Wicket/match]]),IF(players[[#This Row],[role]]="Wicketkeeper",(players[[#This Row],[Batting avg]]/10),((players[[#This Row],[Batting avg]]/10)+(-players[[#This Row],[Economy]]+14+players[[#This Row],[Avg Wicket/match]]))))) -> 16.68373 | I7: =IF(AND(players[[#This Row],[Rating]]>7,players[[#This Row],[auction_price]]<40000000),"Underatted",IF(AND(players[[#This Row],[Rating]]<5,players[[#This Row],[auction_price]]>40000000),"Overrated","Perfectly rated")) -> Perfectly rated | J7: Indian
A8: P005 | B8: Ishan Kishan | C8: Wicketkeeper | D8: =VLOOKUP(players[[#This Row],[player_name]],auction_data[],3,0) -> 5000000 | E8: =_xlfn.IFNA(VLOOKUP(players[[#This Row],[player_name]],batting_stats[[player_name]:[sixes]],7,0),0) -> 89.660377 | F8: =_xlfn.IFNA(VLOOKUP(players[[#This Row],[player_name]],bowling_stats[[player_name]:[runs_conceded]],4,0),0) -> 0 | G8: =_xlfn.IFNA(VLOOKUP(players[[#This Row],[player_name]],bowling_stats[[player_name]:[runs_conceded]],6,0),0) -> 0 | H8: =IF(players[[#This Row],[role]]="Batsman",(players[[#This Row],[Batting avg]]/10),IF(players[[#This Row],[role]]="Bowler",(-players[[#This Row],[Economy]]+14+players[[#This Row],[Avg Wicket/match]]),IF(players[[#This Row],[role]]="Wicketkeeper",(players[[#This Row],[Batting avg]]/10),((players[[#This Row],[Batting avg]]/10)+(-players[[#This Row],[Economy]]+14+players[[#This Row],[Avg Wicket/match]]))))) -> 8.9660377 | I8: =IF(AND(players[[#This Row],[Rating]]>7,players[[#This Row],[auction_price]]<40000000),"Underatted",IF(AND(players[[#This Row],[Rating]]<5,players[[#This Row],[auction_price]]>40000000),"Overrated","Perfectly rated")) -> Underatted | J8: Indian
A9: P006 | B9: Tilak Varma | C9: Batsman | D9: =VLOOKUP(players[[#This Row],[player_name]],auction_data[],3,0) -> 50000000 | E9: =_xlfn.IFNA(VLOOKUP(players[[#This Row],[player_name]],batting_stats[[player_name]:[sixes]],7,0),0) -> 74.377358 | F9: =_xlfn.IFNA(VLOOKUP(players[[#This Row],[player_name]],bowling_stats[[player_name]:[runs_conceded]],4,0),0) -> 0 | G9: =_xlfn.IFNA(VLOOKUP(players[[#This Row],[player_name]],bowling_stats[[player_name]:[runs_conceded]],6,0),0) -> 0 | H9: =IF(players[[#This Row],[role]]="Batsman",(players[[#This Row],[Batting avg]]/10),IF(players[[#This Row],[role]]="Bowler",(-players[[#This Row],[Economy]]+14+players[[#This Row],[Avg Wicket/match]]),IF(players[[#This Row],[role]]="Wicketkeeper",(players[[#This Row],[Batting avg]]/10),((players[[#This Row],[Batting avg]]/10)+(-players[[#This Row],[Economy]]+14+players[[#This Row],[Avg Wicket/match]]))))) -> 7.4377358 | I9: =IF(AND(players[[#This Row],[Rating]]>7,players[[#This Row],[auction_price]]<40000000),"Underatted",IF(AND(players[[#This Row],[Rating]]<5,players[[#This Row],[auction_price]]>40000000),"Overrated","Perfectly rated")) -> Perfectly rated | J9: Indian
A10: P007 | B10: Tim David | C10: Batsman | D10: =VLOOKUP(players[[#This Row],[player_name]],auction_data[],3,0) -> 70000000 | E10: =_xlfn.IFNA(VLOOKUP(players[[#This Row],[player_name]],batting_stats[[player_name]:[sixes]],7,0),0) -> 36.188679 | F10: =_xlfn.IFNA(VLOOKUP(players[[#This Row],[player_name]],bowling_stats[[player_name]:[runs_conceded]],4,0),0) -> 0 | G10: =_xlfn.IFNA(VLOOKUP(players[[#This Row],[player_name]],bowling_stats[[player_name]:[runs_conceded]],6,0),0) -> 0 | H10: =IF(players[[#This Row],[role]]="Batsman",(players[[#This Row],[Batting avg]]/10),IF(players[[#This Row],[role]]="Bowler",(-players[[#This Row],[Economy]]+14+players[[#This Row],[Avg Wicket/match]]),IF(players[[#This Row],[role]]="Wicketkeeper",(players[[#This Row],[Batting avg]]/10),((players[[#This Row],[Batting avg]]/10)+(-players[[#This Row],[Economy]]+14+players[[#This Row],[Avg Wicket/match]]))))) -> 3.6188679 | I10: =IF(AND(players[[#This Row],[Rating]]>7,players[[#This Row],[auction_price]]<40000000),"Underatted",IF(AND(players[[#This Row],[Rating]]<5,players[[#This Row],[auction_price]]>40000000),"Overrated","Perfectly rated")) -> Overrated | J10: Overseas
A11: P008 | B11: Gerald Coetzee | C11: Bowler | D11: =VLOOKUP(players[[#This Row],[player_name]],auction_data[],3,0) -> 20000000 | E11: =_xlfn.IFNA(VLOOKUP(players[[#This Row],[player_name]],batting_stats[[player_name]:[sixes]],7,0),0) -> 0 | F11: =_xlfn.IFNA(VLOOKUP(players[[#This Row],[player_name]],bowling_stats[[player_name]:[runs_conceded]],4,0),0) -> 7.2037728 | G11: =_xlfn.IFNA(VLOOKUP(players[[#This Row],[player_name]],bowling_stats[[player_name]:[runs_conceded]],6,0),0) -> 2.7169811 | H11: =IF(players[[#This Row],[role]]="Batsman",(players[[#This Row],[Batting avg]]/10),IF(players[[#This Row],[role]]="Bowler",(-players[[#This Row],[Economy]]+14+players[[#This Row],[Avg Wicket/match]]),IF(players[[#This Row],[role]]="Wicketkeeper",(players[[#This Row],[Batting avg]]/10),((players[[#This Row],[Batting avg]]/10)+(-players[[#This Row],[Economy]]+14+players[[#This Row],[Avg Wicket/match]]))))) -> 9.5132083 | I11: =IF(AND(players[[#This Row],[Rating]]>7,players[[#This Row],[auction_price]]<40000000),"Underatted",IF(AND(players[[#This Row],[Rating]]<5,players[[#This Row],[auction_price]]>40000000),"Overrated","Perfectly rated")) -> Underatted | J11: Overseas
A12: P009 | B12: Piyush Chawla | C12: Bowler | D12: =VLOOKUP(players[[#This Row],[player_name]],auction_data[],3,0) -> 150000000 | E12: =_xlfn.IFNA(VLOOKUP(players[[#This Row],[player_name]],batting_stats[[player_name]:[sixes]],7,0),0) -> 6.6037736 | F12: =_xlfn.IFNA(VLOOKUP(players[[#This Row],[player_name]],bowling_stats[[player_name]:[runs_conceded]],4,0),0) -> 7.9133323 | G12: =_xlfn.IFNA(VLOOKUP(players[[#This Row],[player_name]],bowling_stats[[player_name]:[runs_conceded]],6,0),0) -> 2.6415094 | H12: =IF(players[[#This Row],[role]]="Batsman",(players[[#This Row],[Batting avg]]/10),IF(players[[#This Row],[role]]="Bowler",(-players[[#This Row],[Economy]]+14+players[[#This Row],[Avg Wicket/match]]),IF(players[[#This Row],[role]]="Wicketkeeper",(players[[#This Row],[Batting avg]]/10),((players[[#This Row],[Batting avg]]/10)+(-players[[#This Row],[Economy]]+14+players[[#This Row],[Avg Wicket/match]]))))) -> 8.7281771 | I12: =IF(AND(players[[#This Row],[Rating]]>7,players[[#This Row],[auction_price]]<40000000),"Underatted",IF(AND(players[[#This Row],[Rating]]<5,players[[#This Row],[auction_price]]>40000000),"Overrated","Perfectly rated")) -> Perfectly rated | J12: Indian
A13: P010 | B13: Akash Madhwal | C13: Bowler | D13: =VLOOKUP(players[[#This Row],[player_name]],auction_data[],3,0) -> 120000000 | E13: =_xlfn.IFNA(VLOOKUP(players[[#This Row],[player_name]],batting_stats[[player_name]:[sixes]],7,0),0) -> 0 | F13: =_xlfn.IFNA(VLOOKUP(players[[#This Row],[player_name]],bowling_stats[[player_name]:[runs_conceded]],4,0),0) -> 8.0677388 | G13: =_xlfn.IFNA(VLOOKUP(players[[#This Row],[player_name]],bowling_stats[[player_name]:[runs_conceded]],6,0),0) -> 1.8867925 | H13: =IF(players[[#This Row],[role]]="Batsman",(players[[#This Row],[Batting avg]]/10),IF(players[[#This Row],[role]]="Bowler",(-players[[#This Row],[Economy]]+14+players[[#This Row],[Avg Wicket/match]]),IF(players[[#This Row],[role]]="Wicketkeeper",(players[[#This Row],[Batting avg]]/10),((players[[#This Row],[Batting avg]]/10)+(-players[[#This Row],[Economy]]+14+players[[#This Row],[Avg Wicket/match]]))))) -> 7.8190537 | I13: =IF(AND(players[[#This Row],[Rating]]>7,players[[#This Row],[auction_price]]<40000000),"Underatted",IF(AND(players[[#This Row],[Rating]]<5,players[[#This Row],[auction_price]]>40000000),"Overrated","Perfectly rated")) -> Perfectly rated | J13: Indian
A14: P011 | B14: Naman Dhir | C14: All-rounder | D14: =VLOOKUP(players[[#This Row],[player_name]],auction_data[],3,0) -> 40000000 | E14: =_xlfn.IFNA(VLOOKUP(players[[#This Row],[player_name]],batting_stats[[player_name]:[sixes]],7,0),0) -> 85.471698 | F14: =_xlfn.IFNA(VLOOKUP(players[[#This Row],[player_name]],bowling_stats[[player_name]:[runs_conceded]],4,0),0) -> 7.5706574 | G14: =_xlfn.IFNA(VLOOKUP(players[[#This Row],[player_name]],bowling_stats[[player_name]:[runs_conceded]],6,0),0) -> 1.4339623 | H14: =IF(players[[#This Row],[role]]="Batsman",(players[[#This Row],[Batting avg]]/10),IF(players[[#This Row],[role]]="Bowler",(-players[[#This Row],[Economy]]+14+players[[#This Row],[Avg Wicket/match]]),IF(players[[#This Row],[role]]="Wicketkeeper",(players[[#This Row],[Batting avg]]/10),((players[[#This Row],[Batting avg]]/10)+(-players[[#This Row],[Economy]]+14+players[[#This Row],[Avg Wicket/match]]))))) -> 16.410475 | I14: =IF(AND(players[[#This Row],[Rating]]>7,players[[#This Row],[auction_price]]<40000000),"Underatted",IF(AND(players[[#This Row],[Rating]]<5,players[[#This Row],[auction_price]]>40000000),"Overrated","Perfectly rated")) -> Perfectly rated | J14: Indian
A15: P012 | B15: MS Dhoni | C15: Wicketkeeper | D15: =VLOOKUP(players[[#This Row],[player_name]],auction_data[],3,0) -> 170000000 | E15: =_xlfn.IFNA(VLOOKUP(players[[#This Row],[player_name]],batting_stats[[player_name]:[sixes]],7,0),0) -> 57.847222 | F15: =_xlfn.IFNA(VLOOKUP(players[[#This Row],[player_name]],bowling_stats[[player_name]:[runs_conceded]],4,0),0) -> 0 | G15: =_xlfn.IFNA(VLOOKUP(players[[#This Row],[player_name]],bowling_stats[[player_name]:[runs_conceded]],6,0),0) -> 0 | H15: =IF(players[[#This Row],[role]]="Batsman",(players[[#This Row],[Batting avg]]/10),IF(players[[#This Row],[role]]="Bowler",(-players[[#This Row],[Economy]]+14+players[[#This Row],[Avg Wicket/match]]),IF(players[[#This Row],[role]]="Wicketkeeper",(players[[#This Row],[Batting avg]]/10),((players[[#This Row],[Batting avg]]/10)+(-players[[#This Row],[Economy]]+14+players[[#This Row],[Avg Wicket/match]]))))) -> 5.7847222 | I15: =IF(AND(players[[#This Row],[Rating]]>7,players[[#This Row],[auction_price]]<40000000),"Underatted",IF(AND(players[[#This Row],[Rating]]<5,players[[#This Row],[auction_price]]>40000000),"Overrated","Perfectly rated")) -> Perfectly rated | J15: Indian
... A91: P088 | B91: Devdutt Padikkal | C91: Batsman | D91: =VLOOKUP(players[[#This Row],[player_name]],auction_data[],3,0) -> 5000000 | E91: =_xlfn.IFNA(VLOOKUP(players[[#This Row],[player_name]],batting_stats[[player_name]:[sixes]],7,0),0) -> 51.983607 | F91: =_xlfn.IFNA(VLOOKUP(players[[#This Row],[player_name]],bowling_stats[[player_name]:[runs_conceded]],4,0),0) -> 0 | G91: =_xlfn.IFNA(VLOOKUP(players[[#This Row],[player_name]],bowling_stats[[player_name]:[runs_conceded]],6,0),0) -> 0 | H91: =IF(players[[#This Row],[role]]="Batsman",(players[[#This Row],[Batting avg]]/10),IF(players[[#This Row],[role]]="Bowler",(-players[[#This Row],[Economy]]+14+players[[#This Row],[Avg Wicket/match]]),IF(players[[#This Row],[role]]="Wicketkeeper",(players[[#This Row],[Batting avg]]/10),((players[[#This Row],[Batting avg]]/10)+(-players[[#This Row],[Economy]]+14+players[[#This Row],[Avg Wicket/match]]))))) -> 5.1983607 | I91: =IF(AND(players[[#This Row],[Rating]]>7,players[[#This Row],[auction_price]]<40000000),"Underatted",IF(AND(players[[#This Row],[Rating]]<5,players[[#This Row],[auction_price]]>40000000),"Overrated","Perfectly rated")) -> Perfectly rated | J91: Indian

Sheet matches 
A1: MATCHES
A3: match_id | B3: season | C3: venue | D3: Opponent | E3: winner
A4: M001 | B4: 2023 | C4: MA Chidambaram Stadium, Chennai | D4: Sunrisers Hyderabad | E4: Kolkata Knight Riders
A5: M002 | B5: 2025 | C5: Sawai Mansingh Stadium, Jaipur | D5: Mumbai Indians | E5: Kolkata Knight Riders
A6: M003 | B6: 2024 | C6: Rajiv Gandhi International Stadium, Hyderabad | D6: Mumbai Indians | E6: Lucknow Super Giants
A7: M004 | B7: 2022 | C7: Arun Jaitley Stadium, Delhi | D7: Sunrisers Hyderabad | E7: Royal Challengers Bengaluru
A8: M005 | B8: 2022 | C8: Arun Jaitley Stadium, Delhi | D8: Royal Challengers Bengaluru | E8: Sunrisers Hyderabad
A9: M006 | B9: 2025 | C9: Rajiv Gandhi International Stadium, Hyderabad | D9: Chennai Super Kings | E9: Rajasthan Royals
A10: M007 | B10: 2022 | C10: M. Chinnaswamy Stadium, Bengaluru | D10: Chennai Super Kings | E10: Lucknow Super Giants
A11: M008 | B11: 2021 | C11: Wankhede Stadium, Mumbai | D11: Royal Challengers Bengaluru | E11: Chennai Super Kings
A12: M009 | B12: 2022 | C12: M. Chinnaswamy Stadium, Bengaluru | D12: Rajasthan Royals | E12: Sunrisers Hyderabad
A13: M010 | B13: 2025 | C13: MA Chidambaram Stadium, Chennai | D13: Mumbai Indians | E13: Sunrisers Hyderabad
A14: M011 | B14: 2024 | C14: BRSABV Ekana Cricket Stadium, Lucknow | D14: Sunrisers Hyderabad | E14: Delhi Capitals
A15: M012 | B15: 2025 | C15: Wankhede Stadium, Mumbai | D15: Sunrisers Hyderabad | E15: Chennai Super Kings
... A253: M250 | B253: 2023 | C253: M. Chinnaswamy Stadium, Bengaluru | D253: Royal Challengers Bengaluru | E253: Delhi Capitals

Sheet Teams
A1: teams
A3: team | B3: players | C3: win | D3: loose | E3: matches played
A4: Mumbai Indians | B4: =COUNTIF(auction_data[team],Teams!A4) -> 11 | C4: =COUNTIF(matches[winner],Teams!A4) -> 18 | D4: =COUNTIF(matches[Opponent],Teams!A4) -> 35 | E4: =SUM(D4,C4) -> 53
A5: Chennai Super Kings | B5: =COUNTIF(auction_data[team],Teams!A5) -> 11 | C5: =COUNTIF(matches[winner],Teams!A5) -> 36 | D5: =COUNTIF(matches[Opponent],Teams!A5) -> 36 | E5: =SUM(D5,C5) -> 72
A6: Royal Challengers Bengaluru | B6: =COUNTIF(auction_data[team],Teams!A6) -> 11 | C6: =COUNTIF(matches[winner],Teams!A6) -> 27 | D6: =COUNTIF(matches[Opponent],Teams!A6) -> 34 | E6: =SUM(D6,C6) -> 61
A7: Kolkata Knight Riders | B7: =COUNTIF(auction_data[team],Teams!A7) -> 11 | C7: =COUNTIF(matches[winner],Teams!A7) -> 39 | D7: =COUNTIF(matches[Opponent],Teams!A7) -> 17 | E7: =SUM(D7,C7) -> 56
A8: Delhi Capitals | B8: =COUNTIF(auction_data[team],Teams!A8) -> 11 | C8: =COUNTIF(matches[winner],Teams!A8) -> 44 | D8: =COUNTIF(matches[Opponent],Teams!A8) -> 30 | E8: =SUM(D8,C8) -> 74
A9: Rajasthan Royals | B9: =COUNTIF(auction_data[team],Teams!A9) -> 11 | C9: =COUNTIF(matches[winner],Teams!A9) -> 27 | D9: =COUNTIF(matches[Opponent],Teams!A9) -> 29 | E9: =SUM(D9,C9) -> 56
A10: Sunrisers Hyderabad | B10: =COUNTIF(auction_data[team],Teams!A10) -> 11 | C10: =COUNTIF(matches[winner],Teams!A10) -> 28 | D10: =COUNTIF(matches[Opponent],Teams!A10) -> 39 | E10: =SUM(D10,C10) -> 67
A11: Lucknow Super Giants | B11: =COUNTIF(auction_data[team],Teams!A11) -> 11 | C11: =COUNTIF(matches[winner],Teams!A11) -> 31 | D11: =COUNTIF(matches[Opponent],Teams!A11) -> 30 | E11: =SUM(D11,C11) -> 61

Sheet batting_stats 
A1: BATTING STATS
A3: player_id | B3: player_name | C3: team | D3: matches_played | E3: runs | F3: balls | G3: Strike rate | H3: Batting avg | I3: fours | J3: sixes
A4: P001 | B4: =VLOOKUP(batting_stats[[#This Row],[player_id]],'players '!A4:J91,2) -> Rohit Sharma | C4: =VLOOKUP(batting_stats[[#This Row],[player_name]],auction_data[#All],2,0) -> Mumbai Indians | D4: =VLOOKUP(batting_stats[[#This Row],[team]],Teams!$A$3:$E$11,5,0) -> 53 | E4: 4389 | F4: 2997 | G4: =(batting_stats[[#This Row],[runs]])*100/(batting_stats[[#This Row],[balls]]) -> 146.44645 | H4: =batting_stats[[#This Row],[runs]]/batting_stats[[#This Row],[matches_played]] -> 82.811321 | I4: 436 | J4: 135
A5: P002 | B5: =VLOOKUP(batting_stats[[#This Row],[player_id]],'players '!A5:J92,2) -> Suryakumar Yadav | C5: =VLOOKUP(batting_stats[[#This Row],[player_name]],auction_data[#All],2,0) -> Mumbai Indians | D5: =VLOOKUP(batting_stats[[#This Row],[team]],Teams!$A$3:$E$11,5,0) -> 53 | E5: 5961 | F5: 4311 | G5: =(batting_stats[[#This Row],[runs]])*100/(batting_stats[[#This Row],[balls]]) -> 138.27418 | H5: =batting_stats[[#This Row],[runs]]/batting_stats[[#This Row],[matches_played]] -> 112.4717 | I5: 533 | J5: 207
A6: P003 | B6: =VLOOKUP(batting_stats[[#This Row],[player_id]],'players '!A6:J93,2) -> Jasprit Bumrah | C6: =VLOOKUP(batting_stats[[#This Row],[player_name]],auction_data[#All],2,0) -> Mumbai Indians | D6: =VLOOKUP(batting_stats[[#This Row],[team]],Teams!$A$3:$E$11,5,0) -> 53 | E6: 332 | F6: 295 | G6: =(batting_stats[[#This Row],[runs]])*100/(batting_stats[[#This Row],[balls]]) -> 112.54237 | H6: =batting_stats[[#This Row],[runs]]/batting_stats[[#This Row],[matches_played]] -> 6.2641509 | I6: 23 | J6: 13
A7: P004 | B7: =VLOOKUP(batting_stats[[#This Row],[player_id]],'players '!A7:J94,2) -> Hardik Pandya | C7: =VLOOKUP(batting_stats[[#This Row],[player_name]],auction_data[#All],2,0) -> Mumbai Indians | D7: =VLOOKUP(batting_stats[[#This Row],[team]],Teams!$A$3:$E$11,5,0) -> 53 | E7: 4580 | F7: 3086 | G7: =(batting_stats[[#This Row],[runs]])*100/(batting_stats[[#This Row],[balls]]) -> 148.41218 | H7: =batting_stats[[#This Row],[runs]]/batting_stats[[#This Row],[matches_played]] -> 86.415094 | I7: 485 | J7: 158
A8: P005 | B8: =VLOOKUP(batting_stats[[#This Row],[player_id]],'players '!A8:J95,2) -> Ishan Kishan | C8: =VLOOKUP(batting_stats[[#This Row],[player_name]],auction_data[#All],2,0) -> Mumbai Indians | D8: =VLOOKUP(batting_stats[[#This Row],[team]],Teams!$A$3:$E$11,5,0) -> 53 | E8: 4752 | F8: 3180 | G8: =(batting_stats[[#This Row],[runs]])*100/(batting_stats[[#This Row],[balls]]) -> 149.43396 | H8: =batting_stats[[#This Row],[runs]]/batting_stats[[#This Row],[matches_played]] -> 89.660377 | I8: 426 | J8: 221
A9: P006 | B9: =VLOOKUP(batting_stats[[#This Row],[player_id]],'players '!A9:J96,2) -> Tilak Varma | C9: =VLOOKUP(batting_stats[[#This Row],[player_name]],auction_data[#All],2,0) -> Mumbai Indians | D9: =VLOOKUP(batting_stats[[#This Row],[team]],Teams!$A$3:$E$11,5,0) -> 53 | E9: 3942 | F9: 3135 | G9: =(batting_stats[[#This Row],[runs]])*100/(batting_stats[[#This Row],[balls]]) -> 125.74163 | H9: =batting_stats[[#This Row],[runs]]/batting_stats[[#This Row],[matches_played]] -> 74.377358 | I9: 409 | J9: 206
A10: P007 | B10: =VLOOKUP(batting_stats[[#This Row],[player_id]],'players '!A10:J97,2) -> Tim David | C10: =VLOOKUP(batting_stats[[#This Row],[player_name]],auction_data[#All],2,0) -> Mumbai Indians | D10: =VLOOKUP(batting_stats[[#This Row],[team]],Teams!$A$3:$E$11,5,0) -> 53 | E10: 1918 | F10: 1314 | G10: =(batting_stats[[#This Row],[runs]])*100/(batting_stats[[#This Row],[balls]]) -> 145.96651 | H10: =batting_stats[[#This Row],[runs]]/batting_stats[[#This Row],[matches_played]] -> 36.188679 | I10: 174 | J10: 102
A11: P009 | B11: =VLOOKUP(batting_stats[[#This Row],[player_id]],'players '!A11:J98,2) -> Piyush Chawla | C11: =VLOOKUP(batting_stats[[#This Row],[player_name]],auction_data[#All],2,0) -> Mumbai Indians | D11: =VLOOKUP(batting_stats[[#This Row],[team]],Teams!$A$3:$E$11,5,0) -> 53 | E11: 350 | F11: 298 | G11: =(batting_stats[[#This Row],[runs]])*100/(batting_stats[[#This Row],[balls]]) -> 117.44966 | H11: =batting_stats[[#This Row],[runs]]/batting_stats[[#This Row],[matches_played]] -> 6.6037736 | I11: 24 | J11: 14
A12: P011 | B12: =VLOOKUP(batting_stats[[#This Row],[player_id]],'players '!A12:J99,2) -> Naman Dhir | C12: =VLOOKUP(batting_stats[[#This Row],[player_name]],auction_data[#All],2,0) -> Mumbai Indians | D12: =VLOOKUP(batting_stats[[#This Row],[team]],Teams!$A$3:$E$11,5,0) -> 53 | E12: 4530 | F12: 3061 | G12: =(batting_stats[[#This Row],[runs]])*100/(batting_stats[[#This Row],[balls]]) -> 147.99085 | H12: =batting_stats[[#This Row],[runs]]/batting_stats[[#This Row],[matches_played]] -> 85.471698 | I12: 519 | J12: 269
A13: P012 | B13: =VLOOKUP(batting_stats[[#This Row],[player_id]],'players '!A13:J100,2) -> MS Dhoni | C13: =VLOOKUP(batting_stats[[#This Row],[player_name]],auction_data[#All],2,0) -> Chennai Super Kings | D13: =VLOOKUP(batting_stats[[#This Row],[team]],Teams!$A$3:$E$11,5,0) -> 72 | E13: 4165 | F13: 3433 | G13: =(batting_stats[[#This Row],[runs]])*100/(batting_stats[[#This Row],[balls]]) -> 121.32246 | H13: =batting_stats[[#This Row],[runs]]/batting_stats[[#This Row],[matches_played]] -> 57.847222 | I13: 457 | J13: 213
A14: P013 | B14: =VLOOKUP(batting_stats[[#This Row],[player_id]],'players '!A14:J101,2) -> Ruturaj Gaikwad | C14: =VLOOKUP(batting_stats[[#This Row],[player_name]],auction_data[#All],2,0) -> Chennai Super Kings | D14: =VLOOKUP(batting_stats[[#This Row],[team]],Teams!$A$3:$E$11,5,0) -> 72 | E14: 3923 | F14: 2981 | G14: =(batting_stats[[#This Row],[runs]])*100/(batting_stats[[#This Row],[balls]]) -> 131.60013 | H14: =batting_stats[[#This Row],[runs]]/batting_stats[[#This Row],[matches_played]] -> 54.486111 | I14: 417 | J14: 214
A15: P014 | B15: =VLOOKUP(batting_stats[[#This Row],[player_id]],'players '!A15:J102,2) -> Ravindra Jadeja | C15: =VLOOKUP(batting_stats[[#This Row],[player_name]],auction_data[#All],2,0) -> Chennai Super Kings | D15: =VLOOKUP(batting_stats[[#This Row],[team]],Teams!$A$3:$E$11,5,0) -> 72 | E15: 2046 | F15: 1517 | G15: =(batting_stats[[#This Row],[runs]])*100/(batting_stats[[#This Row],[balls]]) -> 134.87146 | H15: =batting_stats[[#This Row],[runs]]/batting_stats[[#This Row],[matches_played]] -> 28.416667 | I15: 166 | J15: 92
... A78: P088 | B78: =VLOOKUP(batting_stats[[#This Row],[player_id]],'players '!A78:J165,2) -> Devdutt Padikkal | C78: =VLOOKUP(batting_stats[[#This Row],[player_name]],auction_data[#All],2,0) -> Lucknow Super Giants | D78: =VLOOKUP(batting_stats[[#This Row],[team]],Teams!$A$3:$E$11,5,0) -> 61 | E78: 3171 | F78: 2442 | G78: =(batting_stats[[#This Row],[runs]])*100/(batting_stats[[#This Row],[balls]]) -> 129.85258 | H78: =batting_stats[[#This Row],[runs]]/batting_stats[[#This Row],[matches_played]] -> 51.983607 | I78: 254 | J78: 166

Sheet bowling_stats 
A1: BOWLING STATS
A3: player_id | B3: player_name | C3: team | D3: matches_played | E3: Economy | F3: wickets | G3: Avg wickets/match | H3: overs | I3: runs_conceded
A4: P003 | B4: =VLOOKUP(bowling_stats[[#This Row],[player_id]],'players '!A4:J91,2) -> Jasprit Bumrah | C4: =VLOOKUP(bowling_stats[[#This Row],[player_name]],auction_data[#All],2,0) -> Mumbai Indians | D4: =VLOOKUP(bowling_stats[[#This Row],[team]],Teams!$A$3:$E$11,5,0) -> 53 | E4: =(bowling_stats[[#This Row],[runs_conceded]])/bowling_stats[[#This Row],[overs]] -> 8.6597938 | F4: 72 | G4: =bowling_stats[[#This Row],[wickets]]/bowling_stats[[#This Row],[matches_played]] -> 1.3584906 | H4: 358.9 | I4: 3108
A5: P004 | B5: =VLOOKUP(bowling_stats[[#This Row],[player_id]],'players '!A5:J92,2) -> Hardik Pandya | C5: =VLOOKUP(bowling_stats[[#This Row],[player_name]],auction_data[#All],2,0) -> Mumbai Indians | D5: =VLOOKUP(bowling_stats[[#This Row],[team]],Teams!$A$3:$E$11,5,0) -> 53 | E5: =(bowling_stats[[#This Row],[runs_conceded]])/bowling_stats[[#This Row],[overs]] -> 7.6370246 | F5: 89 | G5: =bowling_stats[[#This Row],[wickets]]/bowling_stats[[#This Row],[matches_played]] -> 1.6792453 | H5: 357.6 | I5: 2731
A6: P008 | B6: =VLOOKUP(bowling_stats[[#This Row],[player_id]],'players '!A6:J93,2) -> Gerald Coetzee | C6: =VLOOKUP(bowling_stats[[#This Row],[player_name]],auction_data[#All],2,0) -> Mumbai Indians | D6: =VLOOKUP(bowling_stats[[#This Row],[team]],Teams!$A$3:$E$11,5,0) -> 53 | E6: =(bowling_stats[[#This Row],[runs_conceded]])/bowling_stats[[#This Row],[overs]] -> 7.2037728 | F6: 144 | G6: =bowling_stats[[#This Row],[wickets]]/bowling_stats[[#This Row],[matches_played]] -> 2.7169811 | H6: 508.9 | I6: 3666
A7: P009 | B7: =VLOOKUP(bowling_stats[[#This Row],[player_id]],'players '!A7:J94,2) -> Piyush Chawla | C7: =VLOOKUP(bowling_stats[[#This Row],[player_name]],auction_data[#All],2,0) -> Mumbai Indians | D7: =VLOOKUP(bowling_stats[[#This Row],[team]],Teams!$A$3:$E$11,5,0) -> 53 | E7: =(bowling_stats[[#This Row],[runs_conceded]])/bowling_stats[[#This Row],[overs]] -> 7.9133323 | F7: 140 | G7: =bowling_stats[[#This Row],[wickets]]/bowling_stats[[#This Row],[matches_played]] -> 2.6415094 | H7: 662.3 | I7: 5241
A8: P010 | B8: =VLOOKUP(bowling_stats[[#This Row],[player_id]],'players '!A8:J95,2) -> Akash Madhwal | C8: =VLOOKUP(bowling_stats[[#This Row],[player_name]],auction_data[#All],2,0) -> Mumbai Indians | D8: =VLOOKUP(bowling_stats[[#This Row],[team]],Teams!$A$3:$E$11,5,0) -> 53 | E8: =(bowling_stats[[#This Row],[runs_conceded]])/bowling_stats[[#This Row],[overs]] -> 8.0677388 | F8: 100 | G8: =bowling_stats[[#This Row],[wickets]]/bowling_stats[[#This Row],[matches_played]] -> 1.8867925 | H8: 410.4 | I8: 3311
A9: P011 | B9: =VLOOKUP(bowling_stats[[#This Row],[player_id]],'players '!A9:J96,2) -> Naman Dhir | C9: =VLOOKUP(bowling_stats[[#This Row],[player_name]],auction_data[#All],2,0) -> Mumbai Indians | D9: =VLOOKUP(bowling_stats[[#This Row],[team]],Teams!$A$3:$E$11,5,0) -> 53 | E9: =(bowling_stats[[#This Row],[runs_conceded]])/bowling_stats[[#This Row],[overs]] -> 7.5706574 | F9: 76 | G9: =bowling_stats[[#This Row],[wickets]]/bowling_stats[[#This Row],[matches_played]] -> 1.4339623 | H9: 314.9 | I9: 2384
A10: P014 | B10: =VLOOKUP(bowling_stats[[#This Row],[player_id]],'players '!A10:J97,2) -> Ravindra Jadeja | C10: =VLOOKUP(bowling_stats[[#This Row],[player_name]],auction_data[#All],2,0) -> Chennai Super Kings | D10: =VLOOKUP(bowling_stats[[#This Row],[team]],Teams!$A$3:$E$11,5,0) -> 72 | E10: =(bowling_stats[[#This Row],[runs_conceded]])/bowling_stats[[#This Row],[overs]] -> 7.3594212 | F10: 166 | G10: =bowling_stats[[#This Row],[wickets]]/bowling_stats[[#This Row],[matches_played]] -> 2.3055556 | H10: 608.2 | I10: 4476
A11: P015 | B11: =VLOOKUP(bowling_stats[[#This Row],[player_id]],'players '!A11:J98,2) -> Shivam Dube | C11: =VLOOKUP(bowling_stats[[#This Row],[player_name]],auction_data[#All],2,0) -> Chennai Super Kings | D11: =VLOOKUP(bowling_stats[[#This Row],[team]],Teams!$A$3:$E$11,5,0) -> 72 | E11: =(bowling_stats[[#This Row],[runs_conceded]])/bowling_stats[[#This Row],[overs]] -> 8.2443532 | F11: 51 | G11: =bowling_stats[[#This Row],[wickets]]/bowling_stats[[#This Row],[matches_played]] -> 0.70833333 | H11: 194.8 | I11: 1606
A12: P016 | B12: =VLOOKUP(bowling_stats[[#This Row],[player_id]],'players '!A12:J99,2) -> Matheesha Pathirana | C12: =VLOOKUP(bowling_stats[[#This Row],[player_name]],auction_data[#All],2,0) -> Chennai Super Kings | D12: =VLOOKUP(bowling_stats[[#This Row],[team]],Teams!$A$3:$E$11,5,0) -> 72 | E12: =(bowling_stats[[#This Row],[runs_conceded]])/bowling_stats[[#This Row],[overs]] -> 7.6233766 | F12: 135 | G12: =bowling_stats[[#This Row],[wickets]]/bowling_stats[[#This Row],[matches_played]] -> 1.875 | H12: 616 | I12: 4696
A13: P017 | B13: =VLOOKUP(bowling_stats[[#This Row],[player_id]],'players '!A13:J100,2) -> Tushar Deshpande | C13: =VLOOKUP(bowling_stats[[#This Row],[player_name]],auction_data[#All],2,0) -> Chennai Super Kings | D13: =VLOOKUP(bowling_stats[[#This Row],[team]],Teams!$A$3:$E$11,5,0) -> 72 | E13: =(bowling_stats[[#This Row],[runs_conceded]])/bowling_stats[[#This Row],[overs]] -> 8.5744955 | F13: 99 | G13: =bowling_stats[[#This Row],[wickets]]/bowling_stats[[#This Row],[matches_played]] -> 1.375 | H13: 465.8 | I13: 3994
A14: P018 | B14: =VLOOKUP(bowling_stats[[#This Row],[player_id]],'players '!A14:J101,2) -> Deepak Chahar | C14: =VLOOKUP(bowling_stats[[#This Row],[player_name]],auction_data[#All],2,0) -> Chennai Super Kings | D14: =VLOOKUP(bowling_stats[[#This Row],[team]],Teams!$A$3:$E$11,5,0) -> 72 | E14: =(bowling_stats[[#This Row],[runs_conceded]])/bowling_stats[[#This Row],[overs]] -> 8.6186627 | F14: 96 | G14: =bowling_stats[[#This Row],[wickets]]/bowling_stats[[#This Row],[matches_played]] -> 1.3333333 | H14: 408.3 | I14: 3519
A15: P020 | B15: =VLOOKUP(bowling_stats[[#This Row],[player_id]],'players '!A15:J102,2) -> Daryl Mitchell | C15: =VLOOKUP(bowling_stats[[#This Row],[player_name]],auction_data[#All],2,0) -> Chennai Super Kings | D15: =VLOOKUP(bowling_stats[[#This Row],[team]],Teams!$A$3:$E$11,5,0) -> 72 | E15: =(bowling_stats[[#This Row],[runs_conceded]])/bowling_stats[[#This Row],[overs]] -> 7.3537415 | F15: 38 | G15: =bowling_stats[[#This Row],[wickets]]/bowling_stats[[#This Row],[matches_played]] -> 0.52777778 | H15: 147 | I15: 1081
... A52: P087 | B52: =VLOOKUP(bowling_stats[[#This Row],[player_id]],'players '!A52:J139,2) -> Mohsin Khan | C52: =VLOOKUP(bowling_stats[[#This Row],[player_name]],auction_data[#All],2,0) -> Lucknow Super Giants | D52: =VLOOKUP(bowling_stats[[#This Row],[team]],Teams!$A$3:$E$11,5,0) -> 61 | E52: =(bowling_stats[[#This Row],[runs_conceded]])/bowling_stats[[#This Row],[overs]] -> 8.4212208 | F52: 69 | G52: =bowling_stats[[#This Row],[wickets]]/bowling_stats[[#This Row],[matches_played]] -> 1.1311475 | H52: 312.9 | I52: 2635

Sheet auction_data
A1: AUCTION DATA
A3: player_name | B3: team | C3: auction_price
A4: Rohit Sharma | B4: Mumbai Indians | C4: 2000000
A5: Suryakumar Yadav | B5: Mumbai Indians | C5: 160000000
A6: Jasprit Bumrah | B6: Mumbai Indians | C6: 170000000
A7: Hardik Pandya | B7: Mumbai Indians | C7: 80000000
A8: Ishan Kishan | B8: Mumbai Indians | C8: 5000000
A9: Tilak Varma | B9: Mumbai Indians | C9: 50000000
A10: Tim David | B10: Mumbai Indians | C10: 70000000
A11: Gerald Coetzee | B11: Mumbai Indians | C11: 20000000
A12: Piyush Chawla | B12: Mumbai Indians | C12: 150000000
A13: Akash Madhwal | B13: Mumbai Indians | C13: 120000000
A14: Naman Dhir | B14: Mumbai Indians | C14: 40000000
A15: MS Dhoni | B15: Chennai Super Kings | C15: 170000000
... A91: Devdutt Padikkal | B91: Lucknow Super Giants | C91: 5000000

Sheet Pivot
A3: Rating | B3: (All)
A4: overall | B4: (All)
A6: Row Labels | B6: Sum of Rating
A7: All-rounder | B7: 266.44446
A8: Venkatesh Iyer | B8: 18.504935
A9: Pat Cummins | B9: 17.380224
A10: Andre Russell | B10: 17.208662
A11: Ravichandran Ashwin | B11: 17.049417
A12: Hardik Pandya | B12: 16.68373
A13: Naman Dhir | B13: 16.410475
A14: Sunil Narine | B14: 15.514396
A15: Nitish Kumar Reddy | B15: 15.50711
A16: Daryl Mitchell | B16: 15.465703
A17: Axar Patel | B17: 14.162868
A18: Shahbaz Ahmed | B18: 13.935078
... A99: Grand Total | B99: 743.36895
